1	204228800	G	T	PLEKHA6|ENSG00000143850|P938H|MODERATE|missense_variant|True,PLEKHA6|ENSG00000143850|P958H|null|missense_variant|False	18e8fe3e-fbe1-56c9-af55-42233cff71aa	Single base substitution
2	167869349	G	A	B3GALT1|ENSG00000172318|E104K|MODERATE|missense_variant|True	a2ab8cf0-9d34-54cb-8f19-ad9b0419ac21	Single base substitution
4	165059628	T	G	TRIM75P|ENSG00000250374|null|MODIFIER|non_coding_transcript_exon_variant|True	97a1ead5-1367-5d17-aade-f6b96435129c	Single base substitution
5	150649758	G	A	SYNPO|ENSG00000171992|V495I|null|missense_variant|False,SYNPO|ENSG00000171992|V739I|null|missense_variant|False,SYNPO|ENSG00000171992|null|null|downstream_gene_variant|False,SYNPO|ENSG00000171992|V495I|null|missense_variant|False,SYNPO|ENSG00000171992|V739I|MODERATE|missense_variant|True	9ed351df-e4e4-55be-8045-a1be0abbdf23	Single base substitution
6	28391444	A	C	ZSCAN12|ENSG00000158691|A282A|null|synonymous_variant|False,ZSCAN12|ENSG00000158691|A282A|LOW|synonymous_variant|True	036ae00c-e622-55e0-b754-4ec9b17116bb	Single base substitution
6	85517783	G	A	SNX14|ENSG00000135317|null|null|upstream_gene_variant|False,SNX14|ENSG00000135317|L694L|null|synonymous_variant|False,SNX14|ENSG00000135317|null|null|non_coding_transcript_exon_variant|False,SNX14|ENSG00000135317|null|null|3_prime_UTR_variant|False,SNX14|ENSG00000135317|null|null|non_coding_transcript_exon_variant|False,SNX14|ENSG00000135317|L695L|null|synonymous_variant|False,SNX14|ENSG00000135317|null|null|non_coding_transcript_exon_variant|False,SNX14|ENSG00000135317|L665L|null|synonymous_variant|False,SNX14|ENSG00000135317|L112L|null|synonymous_variant|False,SNX14|ENSG00000135317|L466L|null|synonymous_variant|False,SNX14|ENSG00000135317|L747L|LOW|synonymous_variant|True,SNX14|ENSG00000135317|L738L|null|synonymous_variant|False	5f43f4cb-e289-529d-99a0-a59e88cdd132	Single base substitution
6	115942408	C	T	FRK|ENSG00000111816|null|MODIFIER|3_prime_UTR_variant|True	addf11d2-681c-5a93-948f-1a368f178308	Single base substitution
10	50816035	C	T	A1CF|ENSG00000148584|R379K|null|missense_variant|False,A1CF|ENSG00000148584|R371K|null|missense_variant|False,A1CF|ENSG00000148584|null|null|non_coding_transcript_exon_variant|False,A1CF|ENSG00000148584|R379K|null|missense_variant|False,A1CF|ENSG00000148584|R371K|MODERATE|missense_variant|False,A1CF|ENSG00000148584|R379K|null|missense_variant|True,A1CF|ENSG00000148584|R371K|null|missense_variant|False,A1CF|ENSG00000148584|R371K|null|missense_variant|False	4179e0c4-4a03-5ecf-a6c5-9a9e49c8b2c3	Single base substitution
11	61722885	G	A	DAGLA|ENSG00000134780|R104H|null|missense_variant|False,DAGLA|ENSG00000134780|A112T|MODERATE|missense_variant|True	37ee906d-a750-5493-81fb-eb36009f41e2	Single base substitution
12	9695504	A	G	CLEC2D|ENSG00000069493|null|null|downstream_gene_variant|False,CLEC2D|ENSG00000069493|null|null|downstream_gene_variant|False,CLEC2D|ENSG00000069493|null|MODIFIER|3_prime_UTR_variant|False,CLEC2D|ENSG00000069493|null|null|downstream_gene_variant|True,CLEC2D|ENSG00000069493|null|null|3_prime_UTR_variant|False,CLEC2D|ENSG00000069493|null|null|downstream_gene_variant|False,CLEC2D|ENSG00000069493|null|null|downstream_gene_variant|False,CLEC2D|ENSG00000069493|null|null|downstream_gene_variant|False,CLEC2D|ENSG00000069493|null|null|downstream_gene_variant|False,CLEC2D|ENSG00000069493|null|null|downstream_gene_variant|False,CLEC2D|ENSG00000069493|null|null|downstream_gene_variant|False,CLEC2D|ENSG00000069493|null|null|downstream_gene_variant|False,CLEC2D|ENSG00000069493|null|null|downstream_gene_variant|False,CLEC2D|ENSG00000069493|null|null|downstream_gene_variant|False,CLEC2D|ENSG00000069493|null|null|downstream_gene_variant|False	6867808d-3b39-5afb-a4e9-296e8b61959b	Single base substitution
12	88089149	C	T	CEP290|ENSG00000198707|null|null|downstream_gene_variant|False,CEP290|ENSG00000198707|M364I|null|missense_variant|False,CEP290|ENSG00000198707|M1306I|null|missense_variant|False,CEP290|ENSG00000198707|M1304I|MODERATE|missense_variant|True	a422fdc8-d52d-5db9-9a77-77c4d2590c81	Single base substitution
12	123801299	G	T	DNAH10|ENSG00000197653|null|null|non_coding_transcript_exon_variant|False,DNAH10|ENSG00000197653|null|null|non_coding_transcript_exon_variant|False,DNAH10|ENSG00000197653|Q709H|MODERATE|missense_variant|True,DNAH10|ENSG00000197653|Q584H|null|missense_variant|False	7e42475c-3d8d-5782-989e-251f256cd3cc	Single base substitution
16	1195497	G	A	CACNA1H|ENSG00000196557|G159G|null|synonymous_variant|False,CACNA1H|ENSG00000196557|G159G|null|synonymous_variant|False,CACNA1H|ENSG00000196557|null|null|non_coding_transcript_exon_variant|False,CACNA1H|ENSG00000196557|G159G|LOW|synonymous_variant|True	acd9e311-915a-5865-8add-d2b2efd99283	Single base substitution
17	28339480	A	G	TNFAIP1|ENSG00000109079|null|null|upstream_gene_variant|False,TNFAIP1|ENSG00000109079|null|null|intron_variant|False,TNFAIP1|ENSG00000109079|null|MODIFIER|5_prime_UTR_variant|True,TNFAIP1|ENSG00000109079|null|null|intron_variant|False,TNFAIP1|ENSG00000109079|null|null|5_prime_UTR_variant|False,TNFAIP1|ENSG00000109079|null|null|5_prime_UTR_variant|False	25e701d2-aaac-5b3f-a07c-eb4be4b85a86	Single base substitution
20	42161448	C	A	PTPRT|ENSG00000196090|R852R|null|synonymous_variant|False,PTPRT|ENSG00000196090|R862R|LOW|synonymous_variant|False,PTPRT|ENSG00000196090|R884R|null|synonymous_variant|False,PTPRT|ENSG00000196090|R881R|null|synonymous_variant|True,PTPRT|ENSG00000196090|R497R|null|synonymous_variant|False,PTPRT|ENSG00000196090|R480R|null|synonymous_variant|False,PTPRT|ENSG00000196090|R871R|null|synonymous_variant|False,PTPRT|ENSG00000196090|R861R|null|synonymous_variant|False,PTPRT|ENSG00000196090|R852R|null|synonymous_variant|False,PTPRT|ENSG00000196090|null|null|3_prime_UTR_variant|False	ec9051ed-656c-543c-a8ab-11a0da4ea432	Single base substitution
